id,email,first_name,last_name,password_hash
1,john.doe1@example.com,John,Doe,$2a$12$l1dcDTb8QJbZJmgA/cZu8OzAohc85fIRDppmGiZBUamVQmHMr4w9K
2,jane.smith2@example.com,Jane,Smith,$2a$12$l1dcDTb8QJbZJmgA/cZu8OzAohc85fIRDppmGiZBUamVQmHMr4w9K
3,bob.johnson3@example.com,Bob,Johnson,$2a$12$l1dcDTb8QJbZJmgA/cZu8OzAohc85fIRDppmGiZBUamVQmHMr4w9K
4,alice.williams4@example.com,Alice,Williams,$2a$12$l1dcDTb8QJbZJmgA/cZu8OzAohc85fIRDppmGiZBUamVQmHMr4w9K
5,michael.brown5@example.com,Michael,Brown,$2a$12$l1dcDTb8QJbZJmgA/cZu8OzAohc85fIRDppmGiZBUamVQmHMr4w9K
6,emily.davis6@example.com,Emily,Davis,$2a$12$l1dcDTb8QJbZJmgA/cZu8OzAohc85fIRDppmGiZBUamVQmHMr4w9K
7,david.miller7@example.com,David,Miller,$2a$12$l1dcDTb8QJbZJmgA/cZu8OzAohc85fIRDppmGiZBUamVQmHMr4w9K
8,sarah.wilson8@example.com,Sarah,Wilson,$2a$12$l1dcDTb8QJbZJmgA/cZu8OzAohc85fIRDppmGiZBUamVQmHMr4w9K
9,james.moore9@example.com,James,Moore,$2a$12$l1dcDTb8QJbZJmgA/cZu8OzAohc85fIRDppmGiZBUamVQmHMr4w9K
10,linda.taylor10@example.com,Linda,Taylor,$2a$12$l1dcDTb8QJbZJmgA/cZu8OzAohc85fIRDppmGiZBUamVQmHMr4w9K
11,robert.anderson11@example.com,Robert,Anderson,$2a$12$l1dcDTb8QJbZJmgA/cZu8OzAohc85fIRDppmGiZBUamVQmHMr4w9K
12,mary.thomas12@example.com,Mary,Thomas,$2a$12$l1dcDTb8QJbZJmgA/cZu8OzAohc85fIRDppmGiZBUamVQmHMr4w9K
13,william.jackson13@example.com,William,Jackson,$2a$12$l1dcDTb8QJbZJmgA/cZu8OzAohc85fIRDppmGiZBUamVQmHMr4w9K
14,patricia.white14@example.com,Patricia,White,$2a$12$l1dcDTb8QJbZJmgA/cZu8OzAohc85fIRDppmGiZBUamVQmHMr4w9K
15,richard.harris15@example.com,Richard,Harris,$2a$12$l1dcDTb8QJbZJmgA/cZu8OzAohc85fIRDppmGiZBUamVQmHMr4w9K
16,elizabeth.martin16@example.com,Elizabeth,Martin,$2a$12$l1dcDTb8QJbZJmgA/cZu8OzAohc85fIRDppmGiZBUamVQmHMr4w9K
17,thomas.thompson17@example.com,Thomas,Thompson,$2a$12$l1dcDTb8QJbZJmgA/cZu8OzAohc85fIRDppmGiZBUamVQmHMr4w9K
18,jennifer.garcia18@example.com,Jennifer,Garcia,$2a$12$l1dcDTb8QJbZJmgA/cZu8OzAohc85fIRDppmGiZBUamVQmHMr4w9K
19,charles.martinez19@example.com,Charles,Martinez,$2a$12$l1dcDTb8QJbZJmgA/cZu8OzAohc85fIRDppmGiZBUamVQmHMr4w9K
20,maria.robinson20@example.com,Maria,Robinson,$2a$12$l1dcDTb8QJbZJmgA/cZu8OzAohc85fIRDppmGiZBUamVQmHMr4w9K
21,daniel.clark21@example.com,Daniel,Clark,$2a$12$l1dcDTb8QJbZJmgA/cZu8OzAohc85fIRDppmGiZBUamVQmHMr4w9K
22,susan.rodriguez22@example.com,Susan,Rodriguez,$2a$12$l1dcDTb8QJbZJmgA/cZu8OzAohc85fIRDppmGiZBUamVQmHMr4w9K
23,paul.lewis23@example.com,Paul,Lewis,$2a$12$l1dcDTb8QJbZJmgA/cZu8OzAohc85fIRDppmGiZBUamVQmHMr4w9K
24,karen.lee24@example.com,Karen,Lee,$2a$12$l1dcDTb8QJbZJmgA/cZu8OzAohc85fIRDppmGiZBUamVQmHMr4w9K
25,mark.walker25@example.com,Mark,Walker,$2a$12$l1dcDTb8QJbZJmgA/cZu8OzAohc85fIRDppmGiZBUamVQmHMr4w9K
26,nancy.hall26@example.com,Nancy,Hall,$2a$12$l1dcDTb8QJbZJmgA/cZu8OzAohc85fIRDppmGiZBUamVQmHMr4w9K
27,steven.allen27@example.com,Steven,Allen,$2a$12$l1dcDTb8QJbZJmgA/cZu8OzAohc85fIRDppmGiZBUamVQmHMr4w9K
28,sandra.young28@example.com,Sandra,Young,$2a$12$l1dcDTb8QJbZJmgA/cZu8OzAohc85fIRDppmGiZBUamVQmHMr4w9K
29,george.king29@example.com,George,King,$2a$12$l1dcDTb8QJbZJmgA/cZu8OzAohc85fIRDppmGiZBUamVQmHMr4w9K
30,dorothy.wright30@example.com,Dorothy,Wright,$2a$12$l1dcDTb8QJbZJmgA/cZu8OzAohc85fIRDppmGiZBUamVQmHMr4w9K
31,kenneth.scott31@example.com,Kenneth,Scott,$2a$12$l1dcDTb8QJbZJmgA/cZu8OzAohc85fIRDppmGiZBUamVQmHMr4w9K
32,betty.torres32@example.com,Betty,Torres,$2a$12$l1dcDTb8QJbZJmgA/cZu8OzAohc85fIRDppmGiZBUamVQmHMr4w9K
33,edward.nguyen33@example.com,Edward,Nguyen,$2a$12$l1dcDTb8QJbZJmgA/cZu8OzAohc85fIRDppmGiZBUamVQmHMr4w9K
34,helen.hill34@example.com,Helen,Hill,$2a$12$l1dcDTb8QJbZJmgA/cZu8OzAohc85fIRDppmGiZBUamVQmHMr4w9K
35,brian.flores35@example.com,Brian,Flores,$2a$12$l1dcDTb8QJbZJmgA/cZu8OzAohc85fIRDppmGiZBUamVQmHMr4w9K
36,sharon.green36@example.com,Sharon,Green,$2a$12$l1dcDTb8QJbZJmgA/cZu8OzAohc85fIRDppmGiZBUamVQmHMr4w9K
37,ronald.adams37@example.com,Ronald,Adams,$2a$12$l1dcDTb8QJbZJmgA/cZu8OzAohc85fIRDppmGiZBUamVQmHMr4w9K
38,carol.baker38@example.com,Carol,Baker,$2a$12$l1dcDTb8QJbZJmgA/cZu8OzAohc85fIRDppmGiZBUamVQmHMr4w9K
39,anthony.gonzalez39@example.com,Anthony,Gonzalez,$2a$12$l1dcDTb8QJbZJmgA/cZu8OzAohc85fIRDppmGiZBUamVQmHMr4w9K
40,laura.nelson40@example.com,Laura,Nelson,$2a$12$l1dcDTb8QJbZJmgA/cZu8OzAohc85fIRDppmGiZBUamVQmHMr4w9K
41,kevin.carter41@example.com,Kevin,Carter,$2a$12$l1dcDTb8QJbZJmgA/cZu8OzAohc85fIRDppmGiZBUamVQmHMr4w9K
42,rebecca.mitchell42@example.com,Rebecca,Mitchell,$2a$12$l1dcDTb8QJbZJmgA/cZu8OzAohc85fIRDppmGiZBUamVQmHMr4w9K
43,jason.perez43@example.com,Jason,Perez,$2a$12$l1dcDTb8QJbZJmgA/cZu8OzAohc85fIRDppmGiZBUamVQmHMr4w9K
44,michelle.roberts44@example.com,Michelle,Roberts,$2a$12$l1dcDTb8QJbZJmgA/cZu8OzAohc85fIRDppmGiZBUamVQmHMr4w9K
45,jeffrey.turner45@example.com,Jeffrey,Turner,$2a$12$l1dcDTb8QJbZJmgA/cZu8OzAohc85fIRDppmGiZBUamVQmHMr4w9K
46,lisa.phillips46@example.com,Lisa,Phillips,$2a$12$l1dcDTb8QJbZJmgA/cZu8OzAohc85fIRDppmGiZBUamVQmHMr4w9K
47,ryan.campbell47@example.com,Ryan,Campbell,$2a$12$l1dcDTb8QJbZJmgA/cZu8OzAohc85fIRDppmGiZBUamVQmHMr4w9K
48,amanda.parker48@example.com,Amanda,Parker,$2a$12$l1dcDTb8QJbZJmgA/cZu8OzAohc85fIRDppmGiZBUamVQmHMr4w9K
49,gary.evans49@example.com,Gary,Evans,$2a$12$l1dcDTb8QJbZJmgA/cZu8OzAohc85fIRDppmGiZBUamVQmHMr4w9K
50,kimberly.edwards50@example.com,Kimberly,Edwards,$2a$12$l1dcDTb8QJbZJmgA/cZu8OzAohc85fIRDppmGiZBUamVQmHMr4w9K
